Year,Month,Day,Amount
2021,10,7,8527360
2021,10,8,8885204
2021,10,11,6326425
2021,10,12,6640867
2021,10,13,6598863
2021,10,14,5471702
2021,10,15,6472760
2021,10,18,5417407
2021,10,19,4238549
2021,10,20,4537908
2021,10,21,5904311
2021,10,22,6960407
2021,10,25,8345757
2021,10,26,6420631
2021,10,27,6261495
2021,10,28,10842635
2021,10,29,8370219
2021,11,1,7569367
2021,11,2,10370411
2021,11,3,43753567
2021,11,4,16203304
2021,11,5,13716857
2021,11,8,12825674
2021,11,9,8811987
2021,11,10,7966185
2021,11,11,13235026
2021,11,12,13922952
2021,11,15,11628230
2021,11,16,38243243
2021,11,17,28771241
2021,11,18,24245585
2021,11,19,14493285
2021,11,22,16585219
2021,11,23,16566625
2021,11,24,9681498
2021,11,26,8305870
2021,11,29,7749621
2021,11,30,19291119
2021,12,1,11609130
2021,12,2,8606166
2021,12,3,13287432
2021,12,6,9408963
2021,12,7,11553517
2021,12,8,9785536
2021,12,9,8520544
2021,12,10,10160995
2021,12,13,8652712
2021,12,14,8793521
2021,12,15,7387098
2021,12,16,10074542
2021,12,17,17071605
2021,12,20,8369432
2021,12,21,11097699
2021,12,22,15089729
2021,12,23,8721730
2021,12,27,10644483
2021,12,28,13815530
2021,12,29,9051504
2021,12,30,7509107
2021,12,31,9475105
2022,1,3,13209591
2022,1,4,9463999
2022,1,5,14988229
2022,1,6,15071102
2022,1,7,21467898
2022,1,10,14993000
2022,1,11,10728595
2022,1,12,13986918
2022,1,13,12790840
2022,1,14,13495723
2022,1,18,120268984
2022,1,19,30482080
2022,1,20,18995304
2022,1,21,17143275
2022,1,24,24383509
2022,1,25,14403847
2022,1,26,10309091
2022,1,27,10862381
2022,1,28,11203773
2022,1,31,11649481
2022,2,1,12225348
2022,2,2,17386485
2022,2,3,19961433
2022,2,4,13259076
2022,2,7,9059732
2022,2,8,9106239
2022,2,9,11355935
2022,2,10,9061296
2022,2,11,6970953
2022,2,14,7059108
2022,2,15,9032117
2022,2,16,6487527
2022,2,17,4949120
2022,2,18,7753874
2022,2,22,10983610
2022,2,23,9378377
2022,2,24,10386941
2022,2,25,5700501
2022,2,28,10268461
2022,3,1,8028997
2022,3,2,8034492
2022,3,3,7024113
2022,3,4,7529951
2022,3,7,8545956
2022,3,8,7519801
2022,3,9,9914482
2022,3,10,6981412
2022,3,11,10714298
2022,3,14,9535962
2022,3,15,7352798
2022,3,16,10726533
2022,3,17,7955861
2022,3,18,16205023
2022,3,21,7753592
2022,3,22,6444490
2022,3,23,5308118
2022,3,24,3717356
2022,3,25,5384297
2022,3,28,4970327
2022,3,29,5527196
2022,3,30,5134763
2022,3,31,7491900
2022,4,1,3759272
2022,4,4,6517780
2022,4,5,3598340
2022,4,6,4879359
2022,4,7,3939936
2022,4,8,3146606
2022,4,11,4399437
2022,4,12,4738913
2022,4,13,5948290
2022,4,14,4571582
2022,4,18,6200657
2022,4,19,3455458
2022,4,20,3419247
2022,4,21,3623534
2022,4,22,3893149
2022,4,25,8668545
2022,4,26,10783564
2022,4,27,7318771
2022,4,28,8164756
2022,4,29,8847652
2022,5,2,14708229
2022,5,3,10984069
2022,5,4,8101489
2022,5,5,7754900
2022,5,6,10358631
2022,5,9,8484425
2022,5,10,6761573
2022,5,11,6490040
2022,5,12,5109235
2022,5,13,4681307
2022,5,16,3481708
2022,5,17,4087189
2022,5,18,3921047
2022,5,19,4844448
2022,5,20,4896111
2022,5,23,4128090
2022,5,24,4908933
2022,5,25,3468936
2022,5,26,4489288
2022,5,27,3549618
2022,5,31,11771223
2022,6,1,4173875
2022,6,2,3409692
2022,6,3,2639743
2022,6,6,3468801
2022,6,7,2192428
2022,6,8,2455093
2022,6,9,4295171
2022,6,10,3818992
2022,6,13,5916156
2022,6,14,3852871
2022,6,15,5679467
2022,6,16,7498196
2022,6,17,9406029
2022,6,21,6810467
2022,6,22,4180303
2022,6,23,3613979
2022,6,24,6541277
2022,6,27,5836689
2022,6,28,4216401
2022,6,29,4533265
2022,6,30,4204951
2022,7,1,4210618
2022,7,5,5145429
2022,7,6,3105497
2022,7,7,4356653
2022,7,8,4156352
2022,7,11,3047569
2022,7,12,6602081
2022,7,13,4946745
2022,7,14,3252214
2022,7,15,5725366
2022,7,18,5757752
2022,7,19,5736906
2022,7,20,4270374
2022,7,21,3479896
2022,7,22,2977617
2022,7,25,5055517
2022,7,26,3561023
2022,7,27,5012821
2022,7,28,4550140
2022,7,29,3859688
2022,8,1,3215075
2022,8,2,4300513
2022,8,3,6732260
2022,8,4,3666189
2022,8,5,2384960
2022,8,8,7410450
2022,8,9,4687467
2022,8,10,5314440
2022,8,11,2630019
2022,8,12,5822970
2022,8,15,4121310
2022,8,16,5647410
2022,8,17,7245464
2022,8,18,3259897
2022,8,19,4688391
2022,8,22,3716398
2022,8,23,2821263
2022,8,24,3474433
2022,8,25,4480852
2022,8,26,5149378
2022,8,29,3657033
2022,8,30,4111646
2022,8,31,4219824
2022,9,1,4867444
2022,9,2,4330553
2022,9,6,6637910
2022,9,7,3830390
2022,9,8,6199225
2022,9,9,5829940
2022,9,12,4798494
2022,9,13,5873386
2022,9,14,7488787
2022,9,15,5475794
2022,9,16,18972756
2022,9,19,5836451
2022,9,20,4836837
2022,9,21,5319821
2022,9,22,8425957
2022,9,23,8176668
2022,9,26,5573118
2022,9,27,6325423
2022,9,28,7529318
2022,9,29,5977605
2022,9,30,9498212
2022,10,3,4561942
2022,10,4,9470339
2022,10,5,7543692
2022,10,6,5820411
2022,10,7,4208211
2022,10,10,4283030
2022,10,11,5381485
2022,10,12,4096913
2022,10,13,6169089
2022,10,14,5141454
2022,10,17,14494605
2022,10,18,5305723
2022,10,19,4602603
2022,10,20,5178979
2022,10,21,4371521
2022,10,24,4495246
2022,10,25,6583175
2022,10,26,6086165
2022,10,27,4538219
